There,There
are,are
now,now
rumblings,rumblings
that,that
Apple,Apple
might,might
soon,soon
invade,invade
the,the
smart,smart
watch,watch
"space,",space,","
though,though
the,the
company,company
is,is
maintaining,maintaining
its,its
customary,customary
silence.,silence,.
The,The
watch,watch
doesn't,does,n't
have,have
a,a
microphone,microphone
or,or
"speaker,",speaker,","
but,but
you,you
can,can
use,use
it,it
to,to
control,control
the,the
music,music
on,on
your,your
phone.,phone,.
You,You
can,can
glance,glance
at,at
the,the
watch,watch
face,face
to,to
view,view
the,the
artist,artist
and,and
title,title
of,of
a,a
song.,song,.
Two,Two
days,days
"later,",later,","
the,the
British,British
astronomer,astronomer
Richard,Richard
Carrington,Carrington
was,was
observing,observing
the,the
interesting,interesting
sunspot,sunspot
group,group
through,through
his,his
telescope,telescope
when,when
he,he
saw,saw
what,what
he,he
described,described
as,as
two,two
patches,patches
of,of
intensely,intensely
bright,bright
and,and
white,white
light,light
over,over
the,the
sunspots.,sunspots,.
He,He
jotted,jotted
a,a
note,note
in,in
his,his
painstaking,painstaking
record.,record,.
That,That
night,night
there,there
was,was
scarcely,scarcely
a,a
square,square
inch,inch
of,of
earth,earth
that,that
was,was
not,not
illuminated,illuminated
by,by
aurora.,aurora,.
I,I
agree,agree
that,that
California's,California,'s
three,three
strikes,strikes
and,and
you're,you,'re
out,out
law,law
will,will
be,be
a,a
financial,financial
disaster,disaster
for,for
taxpayers,taxpayers
who,who
care,care
about,about
education,education
and,and
other,other
vital,vital
services.,services,.
But,But
it's,it,'s
far,far
from,from
clear,clear
that,that
the,the
law,law
can,can
even,even
be,be
credited,credited
with,with
a,a
reduction,reduction
in,in
crime,crime
in,in
California.,California,.
While,While
it's,it,'s
true,true
that,that
crime,crime
declined,declined
in,in
California,California
last,last
"year,",year,","
crime,crime
also,also
dropped,dropped
nationwide.,nationwide,.
Liza,Liza
was,was
in,in
a,a
bad,bad
"temper,",temper,","
for,for
she,she
was,was
mixing,mixing
the,the
Christmas,Christmas
puddings,puddings
in,in
the,the
"kitchen,",kitchen,","
and,and
had,had
been,been
drawn,drawn
from,from
"them,",them,","
with,with
a,a
raisin,raisin
still,still
on,on
her,her
"cheek,",cheek,","
by,by
Nana's,Nana,'s
absurd,absurd
suspicions.,suspicions,.
She,She
thought,thought
the,the
best,best
way,way
of,of
getting,getting
a,a
little,little
quiet,quiet
was,was
to,to
take,take
Nana,Nana
to,to
the,the
nursery,nursery
for,for
a,a
"moment,",moment,","
but,but
in,in
custody,custody
of,of
course.,course,.
Mrs.,Mrs,.
Darling,Darling
quivered,quivered
and,and
went,went
to,to
the,the
window.,window,.
It,It
was,was
securely,securely
fastened.,fastened,.
She,She
looked,looked
"out,",out,","
and,and
the,the
night,night
was,was
peppered,peppered
with,with
stars.,stars,.
They,They
were,were
crowding,crowding
round,round
the,the
"house,",house,","
as,as
if,if
curious,curious
to,to
see,see
what,what
was,was
to,to
take,take
place,place
"there,",there,","
but,but
she,she
did,did
not,not
notice,notice
"this,",this,","
nor,nor
that,that
one,one
or,or
two,two
of,of
the,the
smaller,smaller
ones,ones
winked,winked
at,at
her.,her,.
Seeing,Seeing
Peter,Peter
slowly,slowly
advancing,advancing
upon,upon
him,him
through,through
the,the
air,air
with,with
dagger,dagger
"poised,",poised,","
he,he
sprang,sprang
upon,upon
the,the
bulwarks,bulwarks
to,to
cast,cast
himself,himself
into,into
the,the
sea.,sea,.
He,He
did,did
not,not
know,know
that,that
the,the
crocodile,crocodile
was,was
waiting,waiting
for,for
him;,him,;
for,for
we,we
purposely,purposely
stopped,stopped
the,the
clock,clock
that,that
this,this
knowledge,knowledge
might,might
be,be
spared,spared
him:,him,:
a,a
little,little
mark,mark
of,of
respect,respect
from,from
us,us
at,at
the,the
end.,end,.
Dorothy,Dorothy
didn't,did,n't
know.,know,.
She,She
looked,looked
around,around
her,her
anxiously,anxiously
for,for
some,some
familiar,familiar
landmark;,landmark,;
but,but
everything,everything
was,was
strange.,strange,.
Between,Between
the,the
branches,branches
of,of
the,the
many,many
roads,roads
were,were
green,green
meadows,meadows
and,and
a,a
few,few
shrubs,shrubs
and,and
"trees,",trees,","
but,but
she,she
couldn't,could,n't
see,see
the,the
farm-house,farm-house
from,from
which,which
she,she
had,had
just,just
"come,",come,","
or,or
anything,anything
she,she
had,had
ever,ever
seen,seen
"before,",before,","
except,except
the,the
shaggy,shaggy
man,man
and,and
Toto.,Toto,.
The,The
human,human
body,body
can,can
tolerate,tolerate
only,only
a,a
small,small
range,range
of,of
"temperature,",temperature,","
especially,especially
when,when
the,the
person,person
is,is
engaged,engaged
in,in
vigorous,vigorous
activity.,activity,.
Heat,Heat
reactions,reactions
usually,usually
occur,occur
when,when
large,large
amounts,amounts
of,of
water,water
or,or
salt,salt
are,are
lost,lost
through,through
excessive,excessive
sweating,sweating
following,following
strenuous,strenuous
exercise.,exercise,.
When,When
the,the
body,body
becomes,becomes
overheated,overheated
and,and
cannot,can,not
eliminate,eliminate
this,this
excess,excess
"heat,",heat,","
heat,heat
exhaustion,exhaustion
and,and
heat,heat
stroke,stroke
are,are
possible.,possible,.
It,It
was,was
a,a
forbidding,forbidding
"challenge,",challenge,","
and,and
it,it
says,says
much,much
for,for
Winstanley's,Winstanley,'s
persuasive,persuasive
"abilities,",abilities,","
not,not
to,to
mention,mention
his,his
"self-confidence,",self-confidence,","
that,that
the,the
admiralty,admiralty
agreed,agreed
to,to
fund,fund
him.,him,.
No,No
lighthouse,lighthouse
had,had
ever,ever
been,been
built,built
out,out
to,to
sea,sea
on,on
an,an
isolated,isolated
rock,rock
before.,before,.
The,The
Eddystone,Eddystone
is,is
hard,hard
enough,enough
to,to
"avoid,",avoid,","
but,but
landing,landing
on,on
it,it
is,is
a,a
separate,separate
challenge,challenge
entirely.,entirely,.
A,A
clergyman,clergyman
remarked,remarked
to,to
"him,",him,","
The,The
Lord,Lord
is,is
on,on
our,our
side.,side,.
I,I
am,am
not,not
at,at
all,all
concerned,concerned
about,about
"that,",that,","
replied,replied
Mr.,Mr.
Lincoln;,Lincoln,;
for,for
I,I
know,know
that,that
the,the
Lord,Lord
is,is
always,always
on,on
the,the
side,side
of,of
the,the
right.,right,.
But,But
it,it
is,is
my,my
constant,constant
anxiety,anxiety
and,and
prayer,prayer
that,that
I,I
and,and
this,this
nation,nation
should,should
be,be
on,on
the,the
Lord's,Lord,'s
side.,side,.
Known,Known
as,as
Rapa,Rapa
Nui,Nui
to,to
the,the
island's,island,'s
"inhabitants,",inhabitants,","
Rongorongo,Rongorongo
is,is
a,a
writing,writing
system,system
comprised,comprised
of,of
pictographs.,pictographs,.
It,It
has,has
been,been
found,found
carved,carved
into,into
many,many
oblong,oblong
wooden,wooden
tablets,tablets
and,and
other,other
artifacts,artifacts
from,from
the,the
island's,island,'s
history.,history,.
The,The
art,art
of,of
writing,writing
was,was
not,not
known,known
in,in
any,any
nearby,nearby
islands,islands
and,and
the,the
script's,script,'s
mere,mere
existence,existence
is,is
sufficient,sufficient
to,to
confound,confound
anthropologists.,anthropologists,.
Some,Some
months,months
"later,",later,","
Michael,Michael
Larson,Larson
saw,saw
another,another
opportunity,opportunity
to,to
stack,stack
the,the
odds,odds
in,in
his,his
favor,favor
with,with
a,a
dash,dash
of,of
ingenuity.,ingenuity,.
He,He
walked,walked
into,into
his,his
bank,bank
one,one
day,day
and,and
asked,asked
to,to
withdraw,withdraw
his,his
entire,entire
account,account
"balance,",balance,","
but,but
with,with
an,an
unusual,unusual
stipulation:,stipulation,:
He,He
wanted,wanted
as,as
much,much
of,of
the,the
cash,cash
as,as
possible,possible
in,in
one,one
dollar,dollar
notes.,notes,.
Bob,Bob
"Murphy,",Murphy,","
the,the
Senior,Senior
PGA,PGA
Tour,Tour
money,money
leader,leader
with,with
seven,seven
hundred,hundred
"thousand,",thousand,","
says,says
heat,heat
shouldn't,should,n't
be,be
a,a
factor.,factor,.
I,I
don't,do,n't
think,think
you're,you,'re
going,going
to,to
have,have
a,a
heat,heat
wave,wave
I'm,I,'m
not,not
going,going
to,to
be,be
able,able
to,to
"handle,",handle,","
he,he
said.,said,.
Everybody,Everybody
treats,treats
it,it
differently.,differently,.
My,My
son,son
"Ronnie,",Ronnie,","
his,his
"caddie,",caddie,","
and,and
I,I
won't,wo,n't
be,be
riding,riding
carts.,carts,.
With,With
schools,schools
still,still
"closed,",closed,","
cars,cars
still,still
buried,buried
and,and
streets,streets
still,still
blocked,blocked
by,by
the,the
widespread,widespread
weekend,weekend
"snowstorm,",snowstorm,","
officials,officials
are,are
asking,asking
people,people
to,to
pick,pick
up,up
a,a
shovel,shovel
and,and
help,help
out.,out,.
In,In
"Boston,",Boston,","
a,a
snow,snow
angel,angel
campaign,campaign
is,is
using,using
social,social
media,media
to,to
encourage,encourage
neighbors,neighbors
and,and
friends,friends
to,to
be,be
an,an
angel,angel
and,and
help,help
dig,dig
out,out
the,the
stranded.,stranded,.
Greg,Greg
"Anderson,",Anderson,","
considered,considered
a,a
key,key
witness,witness
by,by
the,the
"prosecution,",prosecution,","
vowed,vowed
he,he
wouldn't,would,n't
testify,testify
when,when
served,served
a,a
subpoena,subpoena
last,last
week.,week,.
His,His
lawyers,lawyers
said,said
he,he
was,was
prepared,prepared
for,for
a,a
third,third
prison,prison
stay,stay
to,to
maintain,maintain
his,his
silence.,silence,.
Anderson,Anderson
was,was
released,released
July,July
20,20
after,after
a,a
two-week,two-week
stay,stay
for,for
previously,previously
declining,declining
to,to
testify,testify
before,before
a,a
different,different
grand,grand
jury.,jury,.
Steam,Steam
sterilization,sterilization
is,is
limited,limited
in,in
the,the
types,types
of,of
medical,medical
waste,waste
it,it
can,can
"treat,",treat,","
but,but
is,is
appropriate,appropriate
for,for
laboratory,laboratory
cultures,cultures
and,and
substances,substances
contaminated,contaminated
with,with
infectious,infectious
organisms.,organisms,.
The,The
waste,waste
is,is
subjected,subjected
to,to
steam,steam
in,in
a,a
"sealed,",sealed,","
pressurized,pressurized
chamber.,chamber,.
The,The
liquid,liquid
that,that
may,may
form,form
is,is
drained,drained
off,off
to,to
the,the
sewer,sewer
or,or
sent,sent
for,for
processing.,processing,.
Owls,Owls
are,are
more,more
flexible,flexible
than,than
humans,humans
because,because
a,a
bird's,bird,'s
head,head
is,is
only,only
connected,connected
by,by
one,one
socket,socket
pivot.,pivot,.
People,People
have,have
"two,",two,","
which,which
limits,limits
our,our
ability,ability
to,to
"twist,",twist,","
Forsman,Forsman
added.,added,.
Owls,Owls
also,also
have,have
multiple,multiple
"vertebrae,",vertebrae,","
the,the
small,small
bones,bones
that,that
make,make
up,up
the,the
neck,neck
and,and
"spine,",spine,","
helping,helping
them,them
achieve,achieve
a,a
wide,wide
range,range
of,of
motion.,motion,.
Even,Even
in,in
the,the
same,same
"animal,",animal,","
not,not
all,all
bites,bites
are,are
the,the
same.,same,.
A,A
new,new
study,study
finds,finds
that,that
because,because
the,the
force,force
in,in
a,a
muscle,muscle
depends,depends
on,on
how,how
much,much
it,it
is,is
"stretched,",stretched,","
an,an
animal's,animal,'s
bite,bite
force,force
depends,depends
on,on
the,the
size,size
of,of
what,what
it,it
is,is
biting.,biting,.
The,The
finding,finding
has,has
direct,direct
implications,implications
for,for
ecology,ecology
and,and
evolution.,evolution,.
"Interestingly,",Interestingly,","
the,the
heaviest,heaviest
isotopes,isotopes
physicists,physicists
have,have
managed,managed
to,to
synthesize,synthesize
so,so
far,far
don't,do,n't
behave,behave
quite,quite
like,like
science's,science,'s
best,best
current,current
models,models
"predict,",predict,","
so,so
stable,stable
superheavy,superheavy
nuclei,nuclei
are,are
likely,likely
to,to
be,be
full,full
of,of
surprises.,surprises,.
Chemists,Chemists
cannot,can,not
even,even
predict,predict
with,with
any,any
certainty,certainty
whether,whether
these,these
materials,materials
will,will
exist,exist
as,as
"gases,",gases,","
"liquids,",liquids,","
or,or
solids,solids
at,at
room,room
temperature.,temperature,.
Buck,Buck
did,did
not,not
like,like
"it,",it,","
but,but
he,he
bore,bore
up,up
well,well
to,to
the,the
"work,",work,","
taking,taking
pride,pride
in,in
it.,it,.
It,It
was,was
a,a
monotonous,monotonous
"life,",life,","
operating,operating
with,with
machine-like,machine-like
regularity.,regularity,.
One,One
day,day
was,was
very,very
like,like
another.,another,.
At,At
a,a
certain,certain
time,time
each,each
morning,morning
the,the
cooks,cooks
turned,turned
"out,",out,","
fires,fires
were,were
"built,",built,","
and,and
breakfast,breakfast
was,was
eaten.,eaten,.
These,These
"days,",days,","
neuroscience,neuroscience
is,is
beginning,beginning
to,to
catch,catch
up,up
to,to
musicians,musicians
who,who
practice,practice
mentally.,mentally,.
Although,Although
the,the
details,details
are,are
still,still
somewhat,somewhat
"elusive,",elusive,","
the,the
key,key
to,to
the,the
success,success
of,of
mental,mental
imagery,imagery
as,as
a,a
rehearsal,rehearsal
technique,technique
is,is
that,that
most,most
of,of
the,the
same,same
neurological,neurological
regions,regions
are,are
invoked,invoked
by,by
mental,mental
practice,practice
as,as
by,by
real,real
practice.,practice,.
Not,Not
only,only
smoke,smoke
came,came
out,out
of,of
it.,it,.
There,There
came,came
also,also
children's,children,'s
"voices,",voices,","
for,for
so,so
safe,safe
did,did
the,the
boys,boys
feel,feel
in,in
their,their
hiding-place,hiding-place
that,that
they,they
were,were
gaily,gaily
chattering.,chattering,.
The,The
pirates,pirates
listened,listened
"grimly,",grimly,","
and,and
then,then
replaced,replaced
the,the
mushroom.,mushroom,.
They,They
looked,looked
around,around
them,them
and,and
noted,noted
the,the
holes,holes
in,in
the,the
seven,seven
trees.,trees,.
When,When
a,a
nucleus,nucleus
has,has
all,all
of,of
its,its
proton,proton
shells,shells
or,or
neutron,neutron
shells,shells
loaded,loaded
to,to
full,full
"capacity,",capacity,","
the,the
layers,layers
can,can
align,align
so,so
well,well
that,that
each,each
shell,shell
can,can
spoon,spoon
intimately,intimately
with,with
its,its
attractive,attractive
"neighbors,",neighbors,","
forming,forming
a,a
more,more
compact,compact
sphere,sphere
that,that
fits,fits
well,well
within,within
the,the
strong,strong
nuclear,nuclear
force's,force,'s
area,area
of,of
influence.,influence,.
Hybrid,Hybrid
vehicles,vehicles
have,have
a,a
halo,halo
that,that
makes,makes
owners,owners
feel,feel
righteous,righteous
and,and
their,their
neighbors,neighbors
feel,feel
guilty,guilty
for,for
not,not
doing,doing
as,as
much,much
to,to
save,save
the,the
planet.,planet,.
They,They
also,also
cost,cost
more,more
and,and
a,a
new,new
report,report
from,from
the,the
very,very
green,green
Union,Union
of,of
Concerned,Concerned
Scientists,Scientists
says,says
buyers,buyers
aren't,are,n't
always,always
getting,getting
their,their
money's,money,'s
worth.,worth,.
The,The
girl's,girl,'s
feet,feet
were,were
then,then
re-wrapped,re-wrapped
even,even
tighter,tighter
than,than
"before,",before,","
causing,causing
her,her
footprint,footprint
to,to
shrink,shrink
further,further
as,as
the,the
bones,bones
slowly,slowly
fused,fused
into,into
their,their
new,new
configuration.,configuration,.
Occasionally,Occasionally
girls',girls,'
feet,feet
would,would
"fester,",fester,","
and,and
blood,blood
poisoning,poisoning
from,from
gangrene,gangrene
could,could
be,be
a,a
cause,cause
for,for
"concern,",concern,","
but,but
an,an
estimated,estimated
90%,90,%
survived,survived
the,the
process.,process,.
An,An
early,early
task,task
will,will
be,be
to,to
make,make
sure,sure
the,the
newfound,newfound
microbes,microbes
were,were
not,not
introduced,introduced
while,while
drilling,drilling
through,through
the,the
ice,ice
into,into
the,the
"lake,",lake,","
which,which
involved,involved
a,a
hot-water,hot-water
drilling,drilling
technique,technique
designed,designed
to,to
greatly,greatly
reduce,reduce
or,or
eliminate,eliminate
any,any
contamination,contamination
that,that
might,might
come,come
from,from
other,other
kerosene-based,kerosene-based
drilling,drilling
"technology,",technology,","
Christner,Christner
said.,said,.
Very,Very
"similar,",similar,","
but,but
even,even
more,more
"striking,",striking,","
is,is
the,the
evidence,evidence
from,from
athletic,athletic
training.,training,.
As,As
with,with
rehearsing,rehearsing
a,a
piece,piece
on,on
the,the
"piano,",piano,","
practicing,practicing
a,a
complex,complex
physical,physical
task,task
in,in
the,the
mind,mind
alone,alone
is,is
nearly,nearly
as,as
effective,effective
a,a
learning,learning
strategy,strategy
as,as
actually,actually
physically,physically
doing,doing
it.,it,.
But,But
it,it
doesn't,does,n't
stop,stop
there.,there,.
A,A
bill,bill
was,was
drafted,drafted
and,and
introduced,introduced
into,into
Parliament,Parliament
several,several
times,times
but,but
met,met
with,with
great,great
"opposition,",opposition,","
mostly,mostly
from,from
farmers.,farmers,.
"Eventually,",Eventually,","
in,in
"1925,",1925,","
it,it
was,was
decided,decided
that,that
summer,summer
time,time
should,should
begin,begin
on,on
the,the
day,day
following,following
the,the
third,third
Saturday,Saturday
in,in
April,April
and,and
close,close
after,after
the,the
first,first
Saturday,Saturday
in,in
October.,October,.
When,When
early,early
Europeans,Europeans
discovered,discovered
Easter,Easter
"Island,",Island,","
its,its
somewhat,somewhat
isolated,isolated
ecosystem,ecosystem
was,was
suffering,suffering
from,from
the,the
effects,effects
of,of
limited,limited
natural,natural
"resources,",resources,","
"deforestation,",deforestation,","
and,and
overpopulation.,overpopulation,.
Over,Over
the,the
following,following
years,years
the,the
island's,island,'s
population,population
of,of
four,four
thousand,thousand
or,or
so,so
was,was
slowly,slowly
eroded,eroded
by,by
Western,Western
disease,disease
and,and
deportation,deportation
by,by
slave,slave
traders.,traders,.
Binge,Binge
drinking,drinking
may,may
not,not
necessarily,necessarily
kill,kill
or,or
even,even
damage,damage
brain,brain
"cells,",cells,","
as,as
commonly,commonly
"thought,",thought,","
a,a
new,new
animal,animal
study,study
suggests.,suggests,.
But,But
it,it
can,can
block,block
key,key
receptors,receptors
in,in
the,the
brain,brain
and,and
trigger,trigger
production,production
of,of
a,a
steroid,steroid
that,that
interferes,interferes
with,with
brain,brain
functions,functions
critical,critical
to,to
learning,learning
and,and
memory.,memory,.
When,When
preparing,preparing
to,to
check,check
out,out
of,of
their,their
hotel,hotel
"room,",room,","
some,some
frequent,frequent
travelers,travelers
pile,pile
up,up
their,their
used,used
bath,bath
towels,towels
on,on
the,the
bathroom,bathroom
"floor,",floor,","
which,which
would,would
make,make
them,them
easy,easy
for,for
housekeepers,housekeepers
to,to
spot.,spot,.
Other,Other
travelers,travelers
neatly,neatly
fold,fold
"them,",them,","
or,or
hang,hang
them,them
from,from
the,the
shower,shower
curtain,curtain
pole.,pole,.
In,In
no,no
celestial,celestial
"hurry,",hurry,","
Neptune,Neptune
has,has
just,just
completed,completed
its,its
first,first
orbit,orbit
around,around
the,the
sun,sun
since,since
being,being
discovered,discovered
165,165
years,years
ago,ago
by,by
Earthlings.,Earthlings,.
As,As
Space.com,Space.com
"notes,",notes,","
the,the
big,big
blue-green,blue-green
gas,gas
bag,bag
is,is
the,the
only,only
planet,planet
in,in
our,our
solar,solar
system,system
to,to
be,be
discovered,discovered
by,by
mathematics.,mathematics,.
When,When
"attacked,",attacked,","
a,a
skunk's,skunk,'s
natural,natural
inclination,inclination
is,is
to,to
turn,turn
"around,",around,","
lick,lick
its,its
tail,tail
and,and
spray,spray
a,a
noxious,noxious
scent.,scent,.
That,That
works,works
when,when
a,a
skunk,skunk
faces,faces
a,a
natural,natural
predator,predator
in,in
the,the
"wild,",wild,","
but,but
it's,it,'s
not,not
as,as
helpful,helpful
when,when
faced,faced
"with,",with,","
let's,let,'s
"say,",say,","
an,an
oncoming,oncoming
car.,car,.
Lady,Lady
Gaga's,Gaga,'s
YouTube,YouTube
account,account
was,was
suspended,suspended
Thursday.,Thursday,.
The,The
notice,notice
read,read
that,that
the,the
suspension,suspension
was,was
due,due
to,to
multiple,multiple
or,or
severe,severe
violations,violations
of,of
YouTube's,YouTube,'s
copyright,copyright
policy.,policy,.
The,The
Google,Google
Inc.-owned,Inc.-owned
YouTube,YouTube
declined,declined
to,to
comment.,comment,.
It's,It,'s
YouTube,YouTube
policy,policy
to,to
remove,remove
accounts,accounts
after,after
three,three
copyright,copyright
violations.,violations,.
The,The
astronauts,astronauts
used,used
a,a
hefty,hefty
robotic,robotic
arm,arm
to,to
move,move
the,the
bus-size,bus-size
"canister,",canister,","
stuffed,stuffed
with,with
nearly,nearly
three,three
tons,tons
of,of
packing,packing
foam,foam
and,and
other,other
space,space
station,station
refuse.,refuse,.
It,It
was,was
the,the
last,last
job,job
shared,shared
by,by
the,the
shuttle,shuttle
and,and
station,station
"crews,",crews,","
numbering,numbering
ten,ten
astronauts,astronauts
altogether.,altogether,.
Rich,Rich
investors,investors
with,with
no,no
ties,ties
to,to
"farming,",farming,","
no,no
dirt,dirt
under,under
their,their
"nails,",nails,","
are,are
confident,confident
enough,enough
to,to
wager,wager
big,big
on,on
a,a
patch,patch
of,of
earth;,earth,;
betting,betting
that,that
it's,it,'s
a,a
smart,smart
investment,investment
because,because
food,food
will,will
only,only
get,get
more,more
expensive,expensive
around,around
the,the
world.,world,.
John,John
Thornton,Thornton
asked,asked
little,little
of,of
man,man
or,or
nature.,nature,.
He,He
was,was
unafraid,unafraid
of,of
the,the
wild.,wild,.
With,With
a,a
handful,handful
of,of
salt,salt
and,and
a,a
rifle,rifle
he,he
could,could
plunge,plunge
into,into
the,the
wilderness,wilderness
and,and
fare,fare
wherever,wherever
he,he
pleased,pleased
and,and
as,as
long,long
as,as
he,he
pleased.,pleased,.
All,All
that,that
the,the
brain,brain
has,has
to,to
work,work
with,with
are,are
imperfect,imperfect
incoming,incoming
electrical,electrical
impulses,impulses
announcing,announcing
that,that
things,things
are,are
happening.,happening,.
It,It
is,is
then,then
the,the
job,job
of,of
neurons,neurons
to,to
rapidly,rapidly
interpret,interpret
these,these
signals,signals
as,as
well,well
as,as
they,they
"can,",can,","
and,and
suggest,suggest
how,how
to,to
react.,react,.
That's,That,'s
because,because
when,when
immigrants,immigrants
from,from
a,a
particular,particular
cultural,cultural
group,group
move,move
into,into
a,a
new,new
"one,",one,","
they,they
bring,bring
genetic,genetic
diversity,diversity
"that,",that,","
if,if
the,the
immigrants,immigrants
have,have
"children,",children,","
get,get
mixed,mixed
"around,",around,","
changing,changing
the,the
new,new
population's,population,'s
gene,gene
pool.,pool,.
But,But
the,the
new,new
population's,population,'s
culture,culture
doesn't,does,n't
necessarily,necessarily
change.,change,.
Police,Police
in,in
Georgia,Georgia
have,have
shut,shut
down,down
a,a
lemonade,lemonade
stand,stand
run,run
by,by
three,three
girls,girls
trying,trying
to,to
save,save
up,up
for,for
a,a
trip,trip
to,to
a,a
water,water
"park,",park,","
saying,saying
they,they
didn't,did,n't
have,have
a,a
business,business
license,license
or,or
the,the
required,required
permits.,permits,.
Morningstar,Morningstar
says,says
police,police
also,also
didn't,did,n't
know,know
how,how
the,the
lemonade,lemonade
was,was
made.,made,.
Research,Research
showing,showing
that,that
a,a
tiny,tiny
European,European
river,river
bug,bug
called,called
the,the
water,water
boatman,boatman
may,may
be,be
the,the
loudest,loudest
animal,animal
on,on
earth,earth
for,for
its,its
size,size
has,has
some,some
interesting,interesting
sidebars.,sidebars,.
The,The
insect,insect
is,is
just,just
two,two
millimeters,millimeters
long,long
and,and
yet,yet
produces,produces
an,an
underwater,underwater
call,call
that,that
has,has
been,been
measured,measured
at,at
99.2,99.2
decibels.,decibels,.
There,There
often,often
seems,seems
to,to
be,be
more,more
diving,diving
in,in
soccer,soccer
than,than
in,in
the,the
Summer,Summer
Olympics.,Olympics,.
Phantom,Phantom
"contact,",contact,","
or,or
the,the
slightest,slightest
"collision,",collision,","
can,can
lead,lead
to,to
theatrical,theatrical
belly,belly
flops,flops
and,and
exaggerated,exaggerated
somersaults,somersaults
by,by
players,players
deceptively,deceptively
trying,trying
to,to
draw,draw
fouls,fouls
on,on
their,their
"opponents,",opponents,","
kill,kill
time,time
or,or
catch,catch
a,a
breather,breather
when,when
tired.,tired,.
Proper,Proper
ventilation,ventilation
will,will
make,make
a,a
backdraft,backdraft
less,less
likely.,likely,.
Opening,Opening
a,a
room,room
or,or
building,building
at,at
the,the
highest,highest
point,point
allows,allows
heated,heated
gases,gases
and,and
smoke,smoke
to,to
be,be
released,released
gradually.,gradually,.
"However,",However,","
suddenly,suddenly
breaking,breaking
a,a
window,window
or,or
opening,opening
a,a
door,door
is,is
a,a
"mistake,",mistake,","
because,because
it,it
allows,allows
oxygen,oxygen
to,to
rush,rush
"in,",in,","
causing,causing
an,an
explosion.,explosion,.
The,The
first,first
step,step
to,to
be,be
taken,taken
in,in
studying,studying
the,the
history,history
of,of
our,our
country,country
is,is
to,to
form,form
some,some
clear,clear
and,and
proper,proper
conception,conception
of,of
the,the
characteristics,characteristics
and,and
condition,condition
of,of
the,the
territory,territory
which,which
is,is
now,now
occupied,occupied
by,by
the,the
American,American
"people,",people,","
as,as
it,it
existed,existed
when,when
first,first
discovered,discovered
and,and
explored,explored
by,by
Europeans.,Europeans,.
Susan,Susan
B.,B.
Anthony,Anthony
spent,spent
nearly,nearly
sixty,sixty
years,years
of,of
her,her
life,life
devoted,devoted
to,to
the,the
cause,cause
of,of
social,social
justice,justice
and,and
equality,equality
for,for
all.,all,.
Her,Her
major,major
contributions,contributions
were,were
focused,focused
on,on
women's,women,'s
rights.,rights,.
Her,Her
primary,primary
achievement,achievement
lay,lay
in,in
her,her
inspiration,inspiration
and,and
influence,influence
of,of
thousands,thousands
of,of
people,people
promoting,promoting
the,the
right,right
of,of
women,women
to,to
vote.,vote,.
As,As
Earth,Earth
warms,warms
due,due
to,to
the,the
human-caused,human-caused
release,release
of,of
heat-trapping,heat-trapping
gases,gases
into,into
the,the
"atmosphere,",atmosphere,","
frozen,frozen
Arctic,Arctic
soils,soils
also,also
"warm,",warm,","
thaw,thaw
and,and
release,release
more,more
carbon,carbon
dioxide.,dioxide,.
The,The
added,added
carbon,carbon
dioxide,dioxide
accelerates,accelerates
Earth's,Earth,'s
"warming,",warming,","
which,which
further,further
accelerates,accelerates
the,the
thawing,thawing
of,of
Arctic,Arctic
soils,soils
and,and
the,the
release,release
of,of
even,even
more,more
carbon,carbon
dioxide.,dioxide,.
"Unfortunately,",Unfortunately,","
for,for
every,every
six,six
water,water
bottles,bottles
we,we
"use,",use,","
only,only
one,one
makes,makes
it,it
to,to
the,the
recycling,recycling
bin.,bin,.
The,The
rest,rest
are,are
sent,sent
to,to
landfills,landfills
"or,",or,","
even,even
"worse,",worse,","
they,they
end,end
up,up
as,as
trash,trash
on,on
the,the
land,land
and,and
in,in
"rivers,",rivers,","
"lakes,",lakes,","
and,and
the,the
ocean.,ocean,.
Plastic,Plastic
bottles,bottles
take,take
many,many
hundreds,hundreds
of,of
years,years
to,to
disintegrate.,disintegrate,.
As,As
in,in
the,the
United,United
"States,",States,","
Colombian,Colombian
legislation,legislation
requires,requires
travelers,travelers
entering,entering
the,the
country,country
to,to
declare,declare
cash,cash
in,in
excess,excess
of,of
ten,ten
thousand,thousand
dollars.,dollars,.
Concealing,Concealing
more,more
than,than
that,that
amount,amount
to,to
transport,transport
it,it
into,into
or,or
out,out
of,of
the,the
country,country
is,is
a,a
crime,crime
punishable,punishable
by,by
up,up
to,to
five,five
years,years
in,in
prison,prison
in,in
the,the
United,United
States.,States,.
For,For
"centuries,",centuries,","
time,time
was,was
measured,measured
by,by
the,the
position,position
of,of
the,the
sun,sun
with,with
the,the
use,use
of,of
sundials.,sundials,.
Noon,Noon
was,was
recognized,recognized
when,when
the,the
sun,sun
was,was
the,the
highest,highest
in,in
the,the
"sky,",sky,","
and,and
cities,cities
would,would
set,set
their,their
clock,clock
by,by
this,this
apparent,apparent
solar,solar
"time,",time,","
even,even
though,though
some,some
cities,cities
would,would
often,often
be,be
on,on
a,a
slightly,slightly
different,different
time.,time,.
When,When
the,the
new,new
world,world
was,was
first,first
discovered,discovered
it,it
was,was
found,found
to,to
"be,",be,","
like,like
the,the
"old,",old,","
well,well
stocked,stocked
with,with
plants,plants
and,and
"animals,",animals,","
and,and
inhabited,inhabited
by,by
a,a
great,great
many,many
tribes,tribes
and,and
nations,nations
of,of
men;,men,;
and,and
yet,yet
the,the
plants,plants
and,and
"animals,",animals,","
if,if
not,not
the,the
"men,",men,","
were,were
all,all
essentially,essentially
different,different
from,from
those,those
known,known
in,in
the,the
old,old
world.,world,.
American,American
industry,industry
may,may
not,not
know,know
"it,",it,","
but,but
debate,debate
in,in
Congress,Congress
over,over
reforming,reforming
the,the
federal,federal
government's,government,'s
regulatory,regulatory
apparatus,apparatus
may,may
profoundly,profoundly
improve,improve
companies',companies,'
ability,ability
to,to
survive.,survive,.
This,This
week,week
the,the
Senate,Senate
seems,seems
poised,poised
to,to
join,join
the,the
House,House
in,in
a,a
massive,massive
overhaul,overhaul
of,of
the,the
way,way
in,in
which,which
bureaucrats,bureaucrats
enact,enact
regulations,regulations
that,that
are,are
strangling,strangling
the,the
life,life
out,out
of,of
companies.,companies,.
Stress,Stress
is,is
a,a
risk,risk
factor,factor
for,for
both,both
depression,depression
and,and
"anxiety,",anxiety,","
he,he
says.,says,.
We,We
don't,do,n't
have,have
data,data
on,on
the,the
specific,specific
causes,causes
of,of
depression,depression
and,and
anxiety,anxiety
in,in
this,this
"sample,",sample,","
but,but
it,it
does,does
make,make
sense,sense
scientifically,scientifically
that,that
the,the
Millennials,Millennials
who,who
report,report
higher,higher
levels,levels
of,of
stress,stress
in,in
their,their
lives,lives
are,are
also,also
reporting,reporting
higher,higher
levels,levels
of,of
depression,depression
and,and
anxiety.,anxiety,.
When,When
it,it
comes,comes
to,to
having,having
a,a
lasting,lasting
and,and
fulfilling,fulfilling
"relationship,",relationship,","
common,common
wisdom,wisdom
says,says
that,that
feeling,feeling
close,close
to,to
your,your
romantic,romantic
partner,partner
is,is
paramount.,paramount,.
But,But
a,a
new,new
study,study
finds,finds
that,that
it's,it,'s
not,not
how,how
close,close
you,you
feel,feel
that,that
matters,matters
"most,",most,","
it's,it,'s
whether,whether
you,you
are,are
as,as
close,close
as,as
you,you
want,want
to,to
"be,",be,","
even,even
if,if
that's,that,'s
really,really
not,not
close,close
at,at
all.,all,.
At,At
the,the
time,time
the,the
French,French
crown,crown
secured,secured
much,much
of,of
its,its
revenue,revenue
by,by
issuing,issuing
government,government
bonds.,bonds,.
In,In
"1727,",1727,","
in,in
order,order
to,to
save,save
"money,",money,","
the,the
state,state
cut,cut
the,the
bonds',bonds,'
interest,interest
rate.,rate,.
The,The
market,market
value,value
of,of
these,these
bonds,bonds
"plummeted,",plummeted,","
and,and
the,the
market,market
became,became
wary,wary
of,of
French,French
credit.,credit,.
The,The
French,French
state,state
was,was
left,left
without,without
an,an
easy,easy
way,way
of,of
raising,raising
money.,money,.
Voltaire,Voltaire
himself,himself
probably,probably
won,won
around,around
half,half
a,a
million,million
"livres,",livres,","
a,a
large,large
"fortune,",fortune,","
which,which
he,he
then,then
made,made
even,even
larger,larger
in,in
a,a
series,series
of,of
canny,canny
investments.,investments,.
Soon,Soon
Voltaire,Voltaire
was,was
a,a
very,very
rich,rich
"man,",man,","
rich,rich
enough,enough
to,to
become,become
a,a
moneylender,moneylender
to,to
the,the
powerful,powerful
and,and
"famous,",famous,","
rich,rich
enough,enough
that,that
he,he
no,no
longer,longer
had,had
to,to
stake,stake
his,his
financial,financial
well-being,well-being
on,on
that,that
most,most
unreliable,unreliable
and,and
detestable,detestable
"profession,",profession,","
writing.,writing,.
